Datetime,Water Level (m)
2025-11-01 12:00:00,0.7245751
2025-11-01 13:00:00,0.61262095
2025-11-01 14:00:00,0.36572078
2025-11-01 15:00:00,0.055064533
2025-11-01 16:00:00,-0.22227532
2025-11-01 17:00:00,-0.41586107
2025-11-01 18:00:00,-0.44792938
2025-11-01 19:00:00,-0.30634755
2025-11-01 20:00:00,-0.028467398
2025-11-01 21:00:00,0.30127603
2025-11-01 22:00:00,0.6144133
2025-11-01 23:00:00,0.82129467
2025-11-02 00:00:00,0.8583956
2025-11-02 01:00:00,0.7266944
2025-11-02 02:00:00,0.44447577
2025-11-02 03:00:00,0.076863796
2025-11-02 04:00:00,-0.3137568
2025-11-02 05:00:00,-0.58587545
2025-11-02 06:00:00,-0.6970077
2025-11-02 07:00:00,-0.6101705
2025-11-02 08:00:00,-0.33290917
2025-11-02 09:00:00,0.08077624
2025-11-02 10:00:00,0.48773694
2025-11-02 11:00:00,0.8089552
2025-11-02 12:00:00,0.9736346
2025-11-02 13:00:00,0.9412403
2025-11-02 14:00:00,0.71714544
2025-11-02 15:00:00,0.36846623
2025-11-02 16:00:00,-0.019167302
2025-11-02 17:00:00,-0.3819462
2025-11-02 18:00:00,-0.59083873
2025-11-02 19:00:00,-0.58618367
2025-11-02 20:00:00,-0.38225493
2025-11-02 21:00:00,-0.033804987
2025-11-02 22:00:00,0.39618784
2025-11-02 23:00:00,0.7727261
2025-11-03 00:00:00,0.97199386
2025-11-03 01:00:00,0.97474086
2025-11-03 02:00:00,0.75938654
2025-11-03 03:00:00,0.36869293
2025-11-03 04:00:00,-0.109775074
2025-11-03 05:00:00,-0.5310136
2025-11-03 06:00:00,-0.80390555
2025-11-03 07:00:00,-0.85941744
2025-11-03 08:00:00,-0.67105234
2025-11-03 09:00:00,-0.2655434
2025-11-03 10:00:00,0.22933546
2025-11-03 11:00:00,0.6995677
2025-11-03 12:00:00,1.0500791
2025-11-03 13:00:00,1.1864827
2025-11-03 14:00:00,1.0827677
2025-11-03 15:00:00,0.7667024
2025-11-03 16:00:00,0.3380419
2025-11-03 17:00:00,-0.16433597
2025-11-03 18:00:00,-0.58176666
2025-11-03 19:00:00,-0.76628846
2025-11-03 20:00:00,-0.70591176
2025-11-03 21:00:00,-0.4304715
2025-11-03 22:00:00,0.03811201
2025-11-03 23:00:00,0.5419101
2025-11-04 00:00:00,0.9141154
2025-11-04 01:00:00,1.0730058
2025-11-04 02:00:00,0.9942516
2025-11-04 03:00:00,0.6848308
2025-11-04 04:00:00,0.20136513
2025-11-04 05:00:00,-0.3084302
2025-11-04 06:00:00,-0.74368286
2025-11-04 07:00:00,-1.0029542
2025-11-04 08:00:00,-0.96813625
2025-11-04 09:00:00,-0.66647273
2025-11-04 10:00:00,-0.17325515
2025-11-04 11:00:00,0.38877577
2025-11-04 12:00:00,0.9080944
2025-11-04 13:00:00,1.2418625
2025-11-04 14:00:00,1.2937874
2025-11-04 15:00:00,1.1110109
2025-11-04 16:00:00,0.686608
2025-11-04 17:00:00,0.15458462
2025-11-04 18:00:00,-0.38414747
2025-11-04 19:00:00,-0.7561099
2025-11-04 20:00:00,-0.9015196
2025-11-04 21:00:00,-0.77575505
2025-11-04 22:00:00,-0.38535458
2025-11-04 23:00:00,0.14617425
2025-11-05 00:00:00,0.645995
2025-11-05 01:00:00,0.98734426
2025-11-05 02:00:00,1.1068325
2025-11-05 03:00:00,0.9521804
2025-11-05 04:00:00,0.54670817
2025-11-05 05:00:00,0.033304624
2025-11-05 06:00:00,-0.5010499
2025-11-05 07:00:00,-0.9206141
2025-11-05 08:00:00,-1.0923033
2025-11-05 09:00:00,-0.9636021
2025-11-05 10:00:00,-0.56605476
2025-11-05 11:00:00,0.00348268
2025-11-05 12:00:00,0.6262181
2025-11-05 13:00:00,1.1362389
2025-11-05 14:00:00,1.3993385
2025-11-05 15:00:00,1.3790618
2025-11-05 16:00:00,1.0874314
2025-11-05 17:00:00,0.5715966
2025-11-05 18:00:00,-0.009821801
2025-11-05 19:00:00,-0.54263335
2025-11-05 20:00:00,-0.8885228
2025-11-05 21:00:00,-0.9671885
2025-11-05 22:00:00,-0.7388819
2025-11-05 23:00:00,-0.2868037
2025-11-06 00:00:00,0.2485871
2025-11-06 01:00:00,0.72992533
2025-11-06 02:00:00,1.035312
2025-11-06 03:00:00,1.0707945
2025-11-06 04:00:00,0.83183646
2025-11-06 05:00:00,0.38449156
2025-11-06 06:00:00,-0.15158334
2025-11-06 07:00:00,-0.6813412
2025-11-06 08:00:00,-1.0250325
2025-11-06 09:00:00,-1.0982074
2025-11-06 10:00:00,-0.8756861
2025-11-06 11:00:00,-0.41343436
2025-11-06 12:00:00,0.20801853
2025-11-06 13:00:00,0.80435467
2025-11-06 14:00:00,1.2359835
2025-11-06 15:00:00,1.4303051
2025-11-06 16:00:00,1.3341962
2025-11-06 17:00:00,0.94666135
2025-11-06 18:00:00,0.4097154
2025-11-06 19:00:00,-0.15748197
2025-11-06 20:00:00,-0.6707149
2025-11-06 21:00:00,-0.9547529
2025-11-06 22:00:00,-0.9372766
2025-11-06 23:00:00,-0.6421646
2025-11-07 00:00:00,-0.18289183
2025-11-07 01:00:00,0.3403166
2025-11-07 02:00:00,0.7663488
2025-11-07 03:00:00,0.98223263
2025-11-07 04:00:00,0.9285029
2025-11-07 05:00:00,0.6549703
2025-11-07 06:00:00,0.20131716
2025-11-07 07:00:00,-0.31602925
2025-11-07 08:00:00,-0.75605154
2025-11-07 09:00:00,-1.0156363
2025-11-07 10:00:00,-1.0119408
2025-11-07 11:00:00,-0.73057556
2025-11-07 12:00:00,-0.22857153
